<?xml version="1.0" encoding="UTF-8"?>
<metadata>
  <groupId>com.viettel.bccs3</groupId>
  <artifactId>core-support</artifactId>
  <versioning>
    <release>1.3.0.RELEASE</release>
    <versions>
      <version>1.0.0.RELEASE</version>
      <version>1.0.1.RELEASE</version>
      <version>1.0.4.RELEASE</version>
      <version>1.0.5.RELEASE</version>
      <version>1.0.6.RELEASE</version>
      <version>1.0.7.RELEASE</version>
      <version>1.0.8.RELEASE</version>
      <version>2.0.0.RELEASE</version>
      <version>2.1.0.RELEASE</version>
      <version>3.0.0.RELEASE</version>
      <version>3.0.1.RELEASE</version>
      <version>3.1.1.RELEASE</version>
      <version>1.2.0.RELEASE</version>
      <version>1.3.0.RELEASE</version>
    </versions>
    <lastUpdated>20210831105908</lastUpdated>
  </versioning>
</metadata>
