<?xml version="1.0" encoding="UTF-8"?>
<metadata>
  <groupId>com.viettel.bccs3</groupId>
  <artifactId>core-support</artifactId>
  <versioning>
    <release>1.0.7.RELEASE</release>
    <versions>
      <version>1.0.0.RELEASE</version>
      <version>1.0.1.RELEASE</version>
      <version>1.0.2.RELEASE</version>
      <version>1.0.3.RELEASE</version>
      <version>1.0.4.RELEASE</version>
      <version>1.0.5.RELEASE</version>
      <version>1.0.6.RELEASE</version>
      <version>1.0.7.RELEASE</version>
    </versions>
    <lastUpdated>20190705090100</lastUpdated>
  </versioning>
</metadata>
